"Category","BookFolder","FileName","RelPath","SizeBytes"
"01、玄幻","01、斗破","《斗破》（校对版全本）.txt","01、玄幻\01、斗破\《斗破》（校对版全本）.txt","10800589"
"01、玄幻","02、斗罗","《斗罗大陆》（校对版全本）.txt","01、玄幻\02、斗罗\《斗罗大陆》（校对版全本）.txt","5947282"
"01、玄幻","02、斗罗","《斗罗大陆III龙王传说》（校对版全本）.txt","01、玄幻\02、斗罗\《斗罗大陆III龙王传说》（校对版全本）.txt","10354618"
"01、玄幻","02、斗罗","《斗罗大陆II绝世唐门》（校对版全本）.txt","01、玄幻\02、斗罗\《斗罗大陆II绝世唐门》（校对版全本）.txt","10838897"
"01、玄幻","02、斗罗","《斗罗大陆IV终极斗罗》（校对版全本）.txt","01、玄幻\02、斗罗\《斗罗大陆IV终极斗罗》（校对版全本）.txt","9131949"
"01、玄幻","03、完美","《完美世界》（校对版全本）.txt","01、玄幻\03、完美\《完美世界》（校对版全本）.txt","14245680"
"01、玄幻","04、诡秘","《诡秘之主》（精校版全本）.txt","01、玄幻\04、诡秘\《诡秘之主》（精校版全本）.txt","9589843"
"01、玄幻","05、永生","《永生》（校对版全本）.rar","01、玄幻\05、永生\《永生》（校对版全本）.rar","3883733"
"01、玄幻","05、永生","《永生》（校对版全本）.txt","01、玄幻\05、永生\《永生》（校对版全本）.txt","10670788"
"01、玄幻","06、遮天","《遮天》（精校版全本）.txt","01、玄幻\06、遮天\《遮天》（精校版全本）.txt","13622648"
"01、玄幻","07、圣墟","《圣墟》（校对版全本+番外）.txt","01、玄幻\07、圣墟\《圣墟》（校对版全本+番外）.txt","13301643"
"01、玄幻","08、牧 神","《牧神记》（校对版全本）.txt","01、玄幻\08、牧 神\《牧神记》（校对版全本）.txt","12479742"
"01、玄幻","09、神 M","《神墓》（校对版全本）.txt","01、玄幻\09、神 M\《神墓》（校对版全本）.txt","5932725"
"01、玄幻","10、沧YT","《沧元图》（校对版全本）.txt","01、玄幻\10、沧YT\《沧元图》（校对版全本）.txt","4171383"
"01、玄幻","11、盘L","《盘龙》（精校版全本）.txt","01、玄幻\11、盘L\《盘龙》（精校版全本）.txt","6188732"
"01、玄幻","12、不科学","《不科学御兽》（精校版全本）.txt","01、玄幻\12、不科学\《不科学御兽》（精校版全本）.txt","8861090"
"01、玄幻","13、一世","《一世之尊》（精校版全本）.txt","01、玄幻\13、一世\《一世之尊》（精校版全本）.txt","9465871"
"01、玄幻","14、奥术","《奥术神座》（精校版全本+番外）.rar","01、玄幻\14、奥术\《奥术神座》（精校版全本+番外）.rar","2759120"
"01、玄幻","14、奥术","《奥术神座》（精校版全本+番外）.txt","01、玄幻\14、奥术\《奥术神座》（精校版全本+番外）.txt","6688286"
"01、玄幻","15、人道","《人道至尊》（精校版全本）.rar","01、玄幻\15、人道\《人道至尊》（精校版全本）.rar","4004617"
"01、玄幻","15、人道","《人道至尊》（精校版全本）.txt","01、玄幻\15、人道\《人道至尊》（精校版全本）.txt","10353671"
"01、玄幻","16、武动","《武动乾坤》（精校版全本）.txt","01、玄幻\16、武动\《武动乾坤》（精校版全本）.txt","8254082"
"01、玄幻","17、武道zs","《武道宗师》（校对版全本）.rar","01、玄幻\17、武道zs\《武道宗师》（校对版全本）.rar","2345328"
"01、玄幻","17、武道zs","《武道宗师》（校对版全本）.txt","01、玄幻\17、武道zs\《武道宗师》（校对版全本）.txt","5425739"
"01、玄幻","18、长夜yh","《长夜余火》（校对版全本）.txt","01、玄幻\18、长夜yh\《长夜余火》（校对版全本）.txt","6229566"
"01、玄幻","19、长生j","《长生界》（校对版全本）.rar","01、玄幻\19、长生j\《长生界》（校对版全本）.rar","2365172"
"01、玄幻","19、长生j","《长生界》（校对版全本）.txt","01、玄幻\19、长生j\《长生界》（校对版全本）.txt","5973425"
"01、玄幻","20、大主z","《大主宰》（校对版全本）.rar","01、玄幻\20、大主z\《大主宰》（校对版全本）.rar","3709008"
"01、玄幻","20、大主z","《大主宰》（校对版全本）.txt","01、玄幻\20、大主z\《大主宰》（校对版全本）.txt","10517409"
"01、玄幻","21、元z","《元尊》（校对版全本）.rar","01、玄幻\21、元z\《元尊》（校对版全本）.rar","3016567"
"01、玄幻","21、元z","《元尊》（校对版全本）.txt","01、玄幻\21、元z\《元尊》（校对版全本）.txt","8223110"
"01、玄幻","22、魔兽剑圣","《魔兽剑圣异界纵横》（校对版全本）.rar","01、玄幻\22、魔兽剑圣\《魔兽剑圣异界纵横》（校对版全本）.rar","1876252"
"01、玄幻","22、魔兽剑圣","《魔兽剑圣异界纵横》（校对版全本）.txt","01、玄幻\22、魔兽剑圣\《魔兽剑圣异界纵横》（校对版全本）.txt","4851170"
"01、玄幻","23、雪 鹰","《雪鹰领主》（校对版全本）.rar","01、玄幻\23、雪 鹰\《雪鹰领主》（校对版全本）.rar","2909797"
"01、玄幻","23、雪 鹰","《雪鹰领主》（校对版全本）.txt","01、玄幻\23、雪 鹰\《雪鹰领主》（校对版全本）.txt","7751056"
"01、玄幻","24、星 门","《星门》（校对版全本）.txt","01、玄幻\24、星 门\《星门》（校对版全本）.txt","14352246"
"01、玄幻","25、间k","《间客》（精校版全本）.rar","01、玄幻\25、间k\《间客》（精校版全本）.rar","3001531"
"01、玄幻","25、间k","《间客》（精校版全本）.txt","01、玄幻\25、间k\《间客》（精校版全本）.txt","7065908"
"01、玄幻","26、将y","《将夜》（校对版全本）.rar","01、玄幻\26、将y\《将夜》（校对版全本）.rar","3330227"
"01、玄幻","26、将y","《将夜》（校对版全本）.txt","01、玄幻\26、将y\《将夜》（校对版全本）.txt","7990694"
"01、玄幻","26、星 河","《星 河 大 帝》（校对版全本）.txt","01、玄幻\26、星 河\《星 河 大 帝》（校对版全本）.txt","7292576"
"01、玄幻","27、择tj","《择天记》（校对版全本）.rar","01、玄幻\27、择tj\《择天记》（校对版全本）.rar","2631794"
"01、玄幻","27、择tj","《择天记》（校对版全本）.txt","01、玄幻\27、择tj\《择天记》（校对版全本）.txt","6728297"
"01、玄幻","28、大道","《大道朝天》（校对版全本）.rar","01、玄幻\28、大道\《大道朝天》（校对版全本）.rar","2597057"
"01、玄幻","28、大道","《大道朝天》（校对版全本）.txt","01、玄幻\28、大道\《大道朝天》（校对版全本）.txt","6575440"
"01、玄幻","29、朱雀","《朱雀记》（校对版全本）.rar","01、玄幻\29、朱雀\《朱雀记》（校对版全本）.rar","1333270"
"01、玄幻","29、朱雀","《朱雀记》（校对版全本）.txt","01、玄幻\29、朱雀\《朱雀记》（校对版全本）.txt","2942791"
"01、玄幻","30、临渊","《临渊行》（校对版全本）.rar","01、玄幻\30、临渊\《临渊行》（校对版全本）.rar","2917583"
"01、玄幻","30、临渊","《临渊行》（校对版全本）.txt","01、玄幻\30、临渊\《临渊行》（校对版全本）.txt","7319259"
"01、玄幻","31、宿命zh","《宿命之环》（校对版全本）.txt","01、玄幻\31、宿命zh\《宿命之环》（校对版全本）.txt","8080691"
"01、玄幻","32、神印wz","《神印王座》（校对版全本）.rar","01、玄幻\32、神印wz\《神印王座》（校对版全本）.rar","2091394"
"01、玄幻","32、神印wz","《神印王座》（校对版全本）.txt","01、玄幻\32、神印wz\《神印王座》（校对版全本）.txt","5356933"
"01、玄幻","33、天z变","《天珠变》（校对版全本）.rar","01、玄幻\33、天z变\《天珠变》（校对版全本）.rar","2080617"
"01、玄幻","33、天z变","《天珠变》（校对版全本）.txt","01、玄幻\33、天z变\《天珠变》（校对版全本）.txt","5407849"
"01、玄幻","34、雪中hdx","《雪中悍刀行》（校对版全本）.rar","01、玄幻\34、雪中hdx\《雪中悍刀行》（校对版全本）.rar","4438629"
"01、玄幻","34、雪中hdx","《雪中悍刀行》（校对版全本）.txt","01、玄幻\34、雪中hdx\《雪中悍刀行》（校对版全本）.txt","9708029"
"01、玄幻","35、儒道zs","《儒道至圣》（校对版全本）.txt","01、玄幻\35、儒道zs\《儒道至圣》（校对版全本）.txt","16510321"
"01、玄幻","36、乱s","《乱 s 书》（校对版全本）.txt","01、玄幻\36、乱s\《乱 s 书》（校对版全本）.txt","9594271"
"01、玄幻","37、我的徒弟","《我的徒弟都是大fp》（校对版全本）.txt","01、玄幻\37、我的徒弟\《我的徒弟都是大fp》（校对版全本）.txt","10087039"
"01、玄幻","38、恶m法z","《恶m法z》（校对版全本）.txt","01、玄幻\38、恶m法z\《恶m法z》（校对版全本）.txt","7448380"
"01、玄幻","39、N 侠","《女 侠 且 慢》（校对版全本）.txt","01、玄幻\39、N 侠\《女 侠 且 慢》（校对版全本）.txt","9735646"
"01、玄幻","40、全 职","《全 z 法 s》.txt","01、玄幻\40、全 职\《全 z 法 s》.txt","22582887"
"01、玄幻","41、永 夜","《永 夜 君 王》（校对版全本）.txt","01、玄幻\41、永 夜\《永 夜 君 王》（校对版全本）.txt","10394255"
"01、玄幻","42、保 护","《保 护 我 方 族 长》（校对版）.txt","01、玄幻\42、保 护\《保 护 我 方 族 长》（校对版）.txt","21398311"
"01、玄幻","43、神 话","《神话纪元，...恒星级巨兽》（校对版）.txt","01、玄幻\43、神 话\《神话纪元，...恒星级巨兽》（校对版）.txt","11109132"
"01、玄幻","44、渊 T 尊","《渊 天 尊》（校对版）.txt","01、玄幻\44、渊 T 尊\《渊 天 尊》（校对版）.txt","13970888"
"01、玄幻","45、武 炼","《武 炼 巅 峰》（校对版全本）.txt","01、玄幻\45、武 炼\《武 炼 巅 峰》（校对版全本）.txt","39245931"
"01、玄幻","46、最 强","《万 古 最 强 宗》（校对版全本）.txt","01、玄幻\46、最 强\《万 古 最 强 宗》（校对版全本）.txt","10494563"
"01、玄幻","47、伏 天","《伏 天 氏》（校对版全本）.txt","01、玄幻\47、伏 天\《伏 天 氏》（校对版全本）.txt","18047426"
"01、玄幻","48、最 强 Z X","《史 上 最 强 赘 婿》（校对版全本）.txt","01、玄幻\48、最 强 Z X\《史 上 最 强 赘 婿》（校对版全本）.txt","9988709"
"01、玄幻","49、顶 级 气 运","《顶级气运，悄悄修炼千年》（校对版全本）.txt","01、玄幻\49、顶 级 气 运\《顶级气运，悄悄修炼千年》（校对版全本）.txt","5614236"
"01、玄幻","50、武 极","《武 极 天 下》（校对版全本）.txt","01、玄幻\50、武 极\《武 极 天 下》（校对版全本）.txt","14271838"
"01、玄幻","51、垂 钓","《垂 钓 之 神》（校对版全本）.txt","01、玄幻\51、垂 钓\《垂 钓 之 神》（校对版全本）.txt","21756932"
"01、玄幻","52、异 世","《异 世 邪 君》（校对版全本）.txt","01、玄幻\52、异 世\《异 世 邪 君》（校对版全本）.txt","8821113"
"01、玄幻","53、帝 霸","《帝 霸》（校对版）.txt","01、玄幻\53、帝 霸\《帝 霸》（校对版）.txt","68969976"
"01、玄幻","54、我 有","《我 有 一 剑》（校对版）.txt","01、玄幻\54、我 有\《我 有 一 剑》（校对版）.txt","12141237"
"01、玄幻","55、龙 F","《龙 符》（校对版全本）.txt","01、玄幻\55、龙 F\《龙 符》（校对版全本）.txt","7545255"
"01、玄幻","57、圣 w","《圣 王》（校对版全本）.txt","01、玄幻\57、圣 w\《圣 王》（校对版全本）.txt","10656509"
"01、玄幻","58、剑 道","《剑 道 第 一 仙》（校对版）.txt","01、玄幻\58、剑 道\《剑 道 第 一 仙》（校对版）.txt","25274654"
"01、玄幻","59、巫 x x 界","《巫 师 世 界》（精校版全本）.txt","01、玄幻\59、巫 x x 界\《巫 师 世 界》（精校版全本）.txt","4459631"
"01、玄幻","60、永 恒","《永 恒 剑 主》（校对版全本）.txt","01、玄幻\60、永 恒\《永 恒 剑 主》（校对版全本）.txt","6918101"
"01、玄幻","61、召 唤","《召 唤 梦 魇》（校对版全本）.txt","01、玄幻\61、召 唤\《召 唤 梦 魇》（校对版全本）.txt","4570041"
"01、玄幻","62、万 千","《万 千 之 心》（校对版全本）.txt","01、玄幻\62、万 千\《万 千 之 心》（校对版全本）.txt","3602394"
"01、玄幻","63、十 方","《十 方 武 圣》（校对版全本）.txt","01、玄幻\63、十 方\《十 方 武 圣》（校对版全本）.txt","6534456"
"01、玄幻","64、修 行","《我 的 属 性 修 行 人 生》（校对版）.txt","01、玄幻\64、修 行\《我 的 属 性 修 行 人 生》（校对版）.txt","5437091"
"01、玄幻","65、太 古","《太 古 神 王》（校对版全本）.txt","01、玄幻\65、太 古\《太 古 神 王》（校对版全本）.txt","13333337"
"01、玄幻","66、绝 世","《绝 世 武 神》（校对版全本）.txt","01、玄幻\66、绝 世\《绝 世 武 神》（校对版全本）.txt","14606063"
"01、玄幻","67、太 平","《太 平 令》（校对版）.txt","01、玄幻\67、太 平\《太 平 令》（校对版）.txt","10584840"
"01、玄幻","68、图 书 馆","《天道图书馆》（校对版全本）.txt","01、玄幻\68、图 书 馆\《天道图书馆》（校对版全本）.txt","13866425"
"01、玄幻","69、牧 龙 师","《牧 龙 师》（校对版全本）.txt","01、玄幻\69、牧 龙 师\《牧 龙 师》（校对版全本）.txt","7695039"
"01、玄幻","70、明 日","《明 日 之 劫》（校对版全本）.txt","01、玄幻\70、明 日\《明 日 之 劫》（校对版全本）.txt","5792715"
"01、玄幻","71、超 神","《超 级 神 基 因》（校对版全本）.txt","01、玄幻\71、超 神\《超 级 神 基 因》（校对版全本）.txt","15526068"
"01、玄幻","72、禁 区","《神 话 禁 区》（校对版全本）.txt","01、玄幻\72、禁 区\《神 话 禁 区》（校对版全本）.txt","4364067"
"01、玄幻","73、天 阿","《天 阿 降 临》（校对版）.txt","01、玄幻\73、天 阿\《天 阿 降 临》（校对版）.txt","11174022"
"01、玄幻","74、逆 天","《逆 天 邪 神》（校对版）.txt","01、玄幻\74、逆 天\《逆 天 邪 神》（校对版）.txt","22989277"
"01、玄幻","75、傲 世","《傲 世 九 重 天》（精校版全本）.txt","01、玄幻\75、傲 世\《傲 世 九 重 天》（精校版全本）.txt","17893799"
"01、玄幻","76、凌 天","《凌 天 传 说》（校对版全本）.txt","01、玄幻\76、凌 天\《凌 天 传 说》（校对版全本）.txt","4984079"
"01、玄幻","77、至 尊","《我 是 至 尊》（校对版全本）.txt","01、玄幻\77、至 尊\《我 是 至 尊》（校对版全本）.txt","9907038"
"01、玄幻","78、苍 穹","《天 域 苍 穹》（校对版全本）.txt","01、玄幻\78、苍 穹\《天 域 苍 穹》（校对版全本）.txt","10823358"
"01、玄幻","79、左 道","《御 道 倾 天》（校对版全本）.txt","01、玄幻\79、左 道\《御 道 倾 天》（校对版全本）.txt","10483685"
"01、玄幻","80、小 师 叔","《有 请 小 师 叔》（校对版全本）.txt","01、玄幻\80、小 师 叔\《有 请 小 师 叔》（校对版全本）.txt","3600299"
"01、玄幻","81、原 始","《原 始 战 记》（校对版全本）.txt","01、玄幻\81、原 始\《原 始 战 记》（校对版全本）.txt","5399038"
"01、玄幻","82、罪 恶","《罪 恶 之 城》（校对版全本）.txt","01、玄幻\82、罪 恶\《罪 恶 之 城》（校对版全本）.txt","8876595"
"01、玄幻","83、史 上","《史 上 最 强 师 兄》（校对版全本）.txt","01、玄幻\83、史 上\《史 上 最 强 师 兄》（校对版全本）.txt","8445912"
"01、玄幻","84、别 秀","《公 子 别 秀》（校对版全本）.txt","01、玄幻\84、别 秀\《公 子 别 秀》（校对版全本）.txt","3260160"
"01、玄幻","85、史 上","《史 上 第 一 祖 师 爷》（校对版）.txt","01、玄幻\85、史 上\《史 上 第 一 祖 师 爷》（校对版）.txt","9790407"
"01、玄幻","86、魔 皇","《我 夺 舍 了 魔 皇》（校对版）.txt","01、玄幻\86、魔 皇\《我 夺 舍 了 魔 皇》（校对版）.txt","4864191"
"01、玄幻","87、天 师","《从 天 师 府 开 始》（校对版）.txt","01、玄幻\87、天 师\《从 天 师 府 开 始》（校对版）.txt","11681411"
"01、玄幻","88、万 古","《万古神帝》（校对版全本）.epub","01、玄幻\88、万 古\《万古神帝》（校对版全本）.epub","23953801"
"01、玄幻","89、金 丹","《金丹是恒星，你管这叫修仙？》（校对版）.txt","01、玄幻\89、金 丹\《金丹是恒星，你管这叫修仙？》（校对版）.txt","9040608"
"01、玄幻","90、乌 托 邦","《故 障 乌 托 邦》（校对版）.txt","01、玄幻\90、乌 托 邦\《故 障 乌 托 邦》（校对版）.txt","4317664"
"01、玄幻","91、人H纪","《人 皇 纪》（校对版全本）.txt","01、玄幻\91、人H纪\《人 皇 纪》（校对版全本）.txt","16492110"
"01、玄幻","92、魔 神","《魔 神 乐 园》（校对版全本）.txt","01、玄幻\92、魔 神\《魔 神 乐 园》（校对版全本）.txt","5543010"
"01、玄幻","93、普 罗","《普 罗 之 主》（精校版）.txt","01、玄幻\93、普 罗\《普 罗 之 主》（精校版）.txt","14670799"
"02、仙侠","01、FRXXZ","《凡人修仙之仙界篇》（校对版全本）.txt","02、仙侠\01、FRXXZ\《凡人修仙之仙界篇》（校对版全本）.txt","9331772"
"02、仙侠","01、FRXXZ","《凡人修仙传》（校对版全本+番外）.txt","02、仙侠\01、FRXXZ\《凡人修仙传》（校对版全本+番外）.txt","15224548"
"02、仙侠","02、大奉打更人","《大奉打更人》（校对版）.txt","02、仙侠\02、大奉打更人\《大奉打更人》（校对版）.txt","8380410"
"02、仙侠","03、我师兄实在太稳健了","《我师兄实在太稳健了》（校对版全本）.txt","02、仙侠\03、我师兄实在太稳健了\《我师兄实在太稳健了》（校对版全本）.txt","8047351"
"02、仙侠","04、仙逆","《仙逆》（校对版全本）.txt","02、仙侠\04、仙逆\《仙逆》（校对版全本）.txt","13674546"
"02、仙侠","04、仙逆","《凡人修仙之仙界篇》（校对版全本）.txt","02、仙侠\04、仙逆\《凡人修仙之仙界篇》（校对版全本）.txt","9331772"
"02、仙侠","04、仙逆","《凡人修仙传》（校对版全本+番外）.txt","02、仙侠\04、仙逆\《凡人修仙传》（校对版全本+番外）.txt","15224548"
"02、仙侠","05、一念永恒","《一念永恒》（校对版全本）.rar","02、仙侠\05、一念永恒\《一念永恒》（校对版全本）.rar","2860382"
"02、仙侠","05、一念永恒","《一念永恒》（校对版全本）.txt","02、仙侠\05、一念永恒\《一念永恒》（校对版全本）.txt","7774272"
"02、仙侠","06、神秘复苏","《神秘复苏》（精校版全本）.txt","02、仙侠\06、神秘复苏\《神秘复苏》（精校版全本）.txt","11602098"
"02、仙侠","07、飞剑","《飞剑问道》（校对版全本）.rar","02、仙侠\07、飞剑\《飞剑问道》（校对版全本）.rar","1700140"
"02、仙侠","07、飞剑","《飞剑问道》（校对版全本）.txt","02、仙侠\07、飞剑\《飞剑问道》（校对版全本）.txt","4358664"
"02、仙侠","08、玄界zm","《玄界之门》（精校版全本）.rar","02、仙侠\08、玄界zm\《玄界之门》（精校版全本）.rar","2746950"
"02、仙侠","08、玄界zm","《玄界之门》（精校版全本）.txt","02、仙侠\08、玄界zm\《玄界之门》（精校版全本）.txt","7024960"
"02、仙侠","09、魔tj","《魔天记》（精校版全本）.rar","02、仙侠\09、魔tj\《魔天记》（精校版全本）.rar","4031767"
"02、仙侠","09、魔tj","《魔天记》（精校版全本）.txt","02、仙侠\09、魔tj\《魔天记》（精校版全本）.txt","10455267"
"02、仙侠","10、灭世TL","《灭运图录》（精校版全本）.rar","02、仙侠\10、灭世TL\《灭运图录》（精校版全本）.rar","2537287"
"02、仙侠","10、灭世TL","《灭运图录》（精校版全本）.txt","02、仙侠\10、灭世TL\《灭运图录》（精校版全本）.txt","5966571"
"02、仙侠","11、q魔","《求魔》（校对版全本）.rar","02、仙侠\11、q魔\《求魔》（校对版全本）.rar","3512724"
"02、仙侠","11、q魔","《求魔》（校对版全本）.txt","02、仙侠\11、q魔\《求魔》（校对版全本）.txt","9519341"
"02、仙侠","12、我欲ft","《我欲封天》（校对版全本）.rar","02、仙侠\12、我欲ft\《我欲封天》（校对版全本）.rar","3792329"
"02、仙侠","12、我欲ft","《我欲封天》（校对版全本）.txt","02、仙侠\12、我欲ft\《我欲封天》（校对版全本）.txt","10384405"
"02、仙侠","13、三寸rj","《三寸人间》（校对版全本）.rar","02、仙侠\13、三寸rj\《三寸人间》（校对版全本）.rar","3025524"
"02、仙侠","13、三寸rj","《三寸人间》（校对版全本）.txt","02、仙侠\13、三寸rj\《三寸人间》（校对版全本）.txt","8003839"
"02、仙侠","14、莽荒j","《莽荒纪》（校对版全本）.rar","02、仙侠\14、莽荒j\《莽荒纪》（校对版全本）.rar","3385872"
"02、仙侠","14、莽荒j","《莽荒纪》（校对版全本）.txt","02、仙侠\14、莽荒j\《莽荒纪》（校对版全本）.txt","9078724"
"02、仙侠","15、星辰","《星辰变》（校对版全本）.txt","02、仙侠\15、星辰\《星辰变》（校对版全本）.txt","5548542"
"02、仙侠","16、寸芒","《寸芒》（校对版全本）.rar","02、仙侠\16、寸芒\《寸芒》（校对版全本）.rar","1433737"
"02、仙侠","16、寸芒","《寸芒》（校对版全本）.txt","02、仙侠\16、寸芒\《寸芒》（校对版全本）.txt","3752259"
"02、仙侠","17、星峰","《星峰传说》（校对版全本）.rar","02、仙侠\17、星峰\《星峰传说》（校对版全本）.rar","1185003"
"02、仙侠","17、星峰","《星峰传说》（校对版全本）.txt","02、仙侠\17、星峰\《星峰传说》（校对版全本）.txt","2988483"
"02、仙侠","18、大梦z","《大梦主》（校对版全本）.rar","02、仙侠\18、大梦z\《大梦主》（校对版全本）.rar","3762267"
"02、仙侠","18、大梦z","《大梦主》（校对版全本）.txt","02、仙侠\18、大梦z\《大梦主》（校对版全本）.txt","9407188"
"02、仙侠","19、dz","《帝尊》（校对版全本+番外）.rar","02、仙侠\19、dz\《帝尊》（校对版全本+番外）.rar","4352320"
"02、仙侠","19、dz","《帝尊》（校对版全本+番外）.txt","02、仙侠\19、dz\《帝尊》（校对版全本+番外）.txt","11468343"
"02、仙侠","20、剑L","《剑 来 》（精校版全本）.txt","02、仙侠\20、剑L\《剑 来 》（精校版全本）.txt","39779803"
"02、仙侠","21、极道","《极道天魔》（校对版全本）.rar","02、仙侠\21、极道\《极道天魔》（校对版全本）.rar","3581916"
"02、仙侠","21、极道","《极道天魔》（校对版全本）.txt","02、仙侠\21、极道\《极道天魔》（校对版全本）.txt","8516214"
"02、仙侠","22、诛仙","《诛仙》（校对版全本）.rar","02、仙侠\22、诛仙\《诛仙》（校对版全本）.rar","1338829"
"02、仙侠","22、诛仙","《诛仙》（校对版全本）.txt","02、仙侠\22、诛仙\《诛仙》（校对版全本）.txt","3206473"
"02、仙侠","23、大道","《大道争锋》（校对版全本）.rar","02、仙侠\23、大道\《大道争锋》（校对版全本）.rar","6788400"
"02、仙侠","23、大道","《大道争锋》（校对版全本）.txt","02、仙侠\23、大道\《大道争锋》（校对版全本）.txt","15953570"
"02、仙侠","24、问道","《问道红尘(仙子请自重)》（校对版全本）.rar","02、仙侠\24、问道\《问道红尘(仙子请自重)》（校对版全本）.rar","2790959"
"02、仙侠","24、问道","《问道红尘(仙子请自重)》（校对版全本）.txt","02、仙侠\24、问道\《问道红尘(仙子请自重)》（校对版全本）.txt","6310199"
"02、仙侠","25、这是","《这是wd星球》（校对版全本）.txt","02、仙侠\25、这是\《这是wd星球》（校对版全本）.txt","3550155"
"02、仙侠","26、请G子Z妖","《请G子Z妖》（校对版全本）.txt","02、仙侠\26、请G子Z妖\《请G子Z妖》（校对版全本）.txt","8260303"
"02、仙侠","27、烂K棋Y","《烂K棋Y》（校对版全本）.txt","02、仙侠\27、烂K棋Y\《烂K棋Y》（校对版全本）.txt","6806074"
"02、仙侠","28、大w读s人","《大w读s人》（校对版全本）.txt","02、仙侠\28、大w读s人\《大w读s人》（校对版全本）.txt","5442343"
"02、仙侠","29、道 君","《道君》（校对版全本）.txt","02、仙侠\29、道 君\《道君》（校对版全本）.txt","10721342"
"02、仙侠","30、大 乘","《大 乘 期》.txt","02、仙侠\30、大 乘\《大 乘 期》.txt","3578815"
"02、仙侠","31、择 日","《择 日 飞 升》（校对版全本）.txt","02、仙侠\31、择 日\《择 日 飞 升》（校对版全本）.txt","13574158"
"02、仙侠","32、苟 在","《苟 在 妖 武 乱 世 修 仙》（校对版）.txt","02、仙侠\32、苟 在\《苟 在 妖 武 乱 世 修 仙》（校对版）.txt","11698096"
"02、仙侠","33、这 个","《这个人仙太过正经》（校对版）.txt","02、仙侠\33、这 个\《这个人仙太过正经》（校对版）.txt","6127108"
"02、仙侠","34、神 话 D 皇","《最 强 神 话 帝 皇》（校对版全本）.txt","02、仙侠\34、神 话 D 皇\《最 强 神 话 帝 皇》（校对版全本）.txt","8670768"
"02、仙侠","35、造 化","《造 化 之 门》（校对版全本）.txt","02、仙侠\35、造 化\《造 化 之 门》（校对版全本）.txt","9939644"
"02、仙侠","36、黑 山","《黑 山 老 妖》（校对版全本）.txt","02、仙侠\36、黑 山\《黑 山 老 妖》（校对版全本）.txt","2543669"
"02、仙侠","37、阳 S","《阳 神》（校对版全本）.txt","02、仙侠\37、阳 S\《阳 神》（校对版全本）.txt","6086405"
"02、仙侠","38、佛 本","《佛 本 是 道》（校对版全本）.txt","02、仙侠\38、佛 本\《佛 本 是 道》（校对版全本）.txt","4009069"
"02、仙侠","39、弃 宇","《弃 宇 宙》（校对版全本）.txt","02、仙侠\39、弃 宇\《弃 宇 宙》（校对版全本）.txt","8674401"
"02、仙侠","40、不 朽","《不 朽 凡 人》（校对版全本）.txt","02、仙侠\40、不 朽\《不 朽 凡 人》（校对版全本）.txt","7726811"
"02、仙侠","41、第 九","《天 下 第 九》（校对版全本）.txt","02、仙侠\41、第 九\《天 下 第 九》（校对版全本）.txt","7570414"
"02、仙侠","42、聊 z","《聊 斋 大 圣 人》（校对版全本）.txt","02、仙侠\42、聊 z\《聊 斋 大 圣 人》（校对版全本）.txt","5196137"
"02、仙侠","43、独 步","《独 步 天 下》（校对版全本）.txt","02、仙侠\43、独 步\《独 步 天 下》（校对版全本）.txt","7036713"
"02、仙侠","44、玄 浑","《玄 浑 道 章》（校对版）.txt","02、仙侠\44、玄 浑\《玄 浑 道 章》（校对版）.txt","22787016"
"02、仙侠","44、白 首","《白 首 妖 师》（校对版全本）.txt","02、仙侠\44、白 首\《白 首 妖 师》（校对版全本）.txt","3302798"
"02、仙侠","45、地 球","《地 球 第 一 剑》（校对版全本）.txt","02、仙侠\45、地 球\《地 球 第 一 剑》（校对版全本）.txt","5771575"
"02、仙侠","46、大 佬","《天 庭 最 后 一 个 大 佬》（校对版）.txt","02、仙侠\46、大 佬\《天 庭 最 后 一 个 大 佬》（校对版）.txt","2828808"
"02、仙侠","47、仙 F","《仙 父》（校对版）.txt","02、仙侠\47、仙 F\《仙 父》（校对版）.txt","6785957"
"02、仙侠","48、剑 神","《我 不 可 能 是 剑 神》（校对版全本）.txt","02、仙侠\48、剑 神\《我 不 可 能 是 剑 神》（校对版全本）.txt","3600923"
"02、仙侠","49、大 苍","《大 苍 守 夜 人》（校对版全本）.txt","02、仙侠\49、大 苍\《大 苍 守 夜 人》（校对版全本）.txt","13281760"
"02、仙侠","50、从 前","《从 前 有 座 灵 剑 山》（精校版全本）.txt","02、仙侠\50、从 前\《从 前 有 座 灵 剑 山》（精校版全本）.txt","6102747"
"02、仙侠","51、仙 H","《仙 葫》（校对版全本）.txt","02、仙侠\51、仙 H\《仙 葫》（校对版全本）.txt","5244377"
"02、仙侠","52、苟 在","《苟在女魔头身边偷偷修炼》（校对版）.txt","02、仙侠\52、苟 在\《苟在女魔头身边偷偷修炼》（校对版）.txt","15001731"
"02、仙侠","53、道 门","《道 门 法 则》（校对版全本）.txt","02、仙侠\53、道 门\《道 门 法 则》（校对版全本）.txt","7871367"
"02、仙侠","54、大 数 据","《大 数 据 修 仙》（校对版全本）.txt","02、仙侠\54、大 数 据\《大 数 据 修 仙》（校对版全本）.txt","22130115"
"02、仙侠","55、修 仙","《当 你 把 事 情 做 到 极 致》（校对版）.txt","02、仙侠\55、修 仙\《当 你 把 事 情 做 到 极 致》（校对版）.txt","8831878"
"02、仙侠","56、谁 让","《谁 让 他 修 仙 的！》（校对版）.txt","02、仙侠\56、谁 让\《谁 让 他 修 仙 的！》（校对版）.txt","6387163"
"02、仙侠","57、我 的","《我 每 月 能 刷 新 金 手 指》（校对版）.txt","02、仙侠\57、我 的\《我 每 月 能 刷 新 金 手 指》（校对版）.txt","16495635"
"02、仙侠","58、剑 徒","《剑徒之路》（校对版全本）.txt","02、仙侠\58、剑 徒\《剑徒之路》（校对版全本）.txt","10419459"
"02、仙侠","59、前 任","《前任无双》（校对版全本）.txt","02、仙侠\59、前 任\《前任无双》（校对版全本）.txt","5167011"
"02、仙侠","60、飞 天","《飞天》（校对版全本）.txt","02、仙侠\60、飞 天\《飞天》（校对版全本）.txt","14786246"
"02、仙侠","61、半 仙","《半 仙》（校对版）.txt","02、仙侠\61、半 仙\《半 仙》（校对版）.txt","12404721"
"02、仙侠","62、仙 者","《仙 者》（校对版）.txt","02、仙侠\62、仙 者\《仙 者》（校对版）.txt","7234933"
"02、仙侠","63、霸 武","《霸 武》（校对版）.txt","02、仙侠\63、霸 武\《霸 武》（校对版）.txt","12713825"
"02、仙侠","64、文 圣","《大 夏 文 圣》（校对版）.txt","02、仙侠\64、文 圣\《大 夏 文 圣》（校对版）.txt","6138657"
"02、仙侠","65、丹 仙","《一 品 丹 仙》（校对版）.txt","02、仙侠\65、丹 仙\《一 品 丹 仙》（校对版）.txt","5074552"
"02、仙侠","66、闲 书","《我 用 闲 书 成 圣 人》（校对版）.txt","02、仙侠\66、闲 书\《我 用 闲 书 成 圣 人》（校对版）.txt","9189600"
"02、仙侠","67、修 仙","《修 仙 就 是 这 样 子 的》（校对版）.txt","02、仙侠\67、修 仙\《修 仙 就 是 这 样 子 的》（校对版）.txt","8271958"
"02、仙侠","68、大 周","《大 周 不 良 人》（校对版）.txt","02、仙侠\68、大 周\《大 周 不 良 人》（校对版）.txt","34357447"
"02、仙侠","69、妖 女","《妖 女 请 留 步》（校对全本）.txt","02、仙侠\69、妖 女\《妖 女 请 留 步》（校对全本）.txt","12027807"
"02、仙侠","70、仙 人","《仙人 只想 躺着》（校对版）.txt","02、仙侠\70、仙 人\《仙人 只想 躺着》（校对版）.txt","8037560"
"02、仙侠","71、长 生 仙","《我为长生仙》（校对版）.epub","02、仙侠\71、长 生 仙\《我为长生仙》（校对版）.epub","7740051"
"02、仙侠","72、望 长 天","《望 长 天》（校对版）.txt","02、仙侠\72、望 长 天\《望 长 天》（校对版）.txt","5964493"
"02、仙侠","73、反 套 路","《最 强 反 套 路 系 统》（校对版全本）.txt","02、仙侠\73、反 套 路\《最 强 反 套 路 系 统》（校对版全本）.txt","9831210"
"02、仙侠","74、仙 吏","《大 z 仙 吏》（校对版全本）.txt","02、仙侠\74、仙 吏\《大 z 仙 吏》（校对版全本）.txt","4398481"
"02、仙侠","75、大 劫 主","《大 劫 主》（校对版全本）.txt","02、仙侠\75、大 劫 主\《大 劫 主》（校对版全本）.txt","6877782"
"02、仙侠","76、百 炼","《百 炼 成 仙》（校对版全本）.txt","02、仙侠\76、百 炼\《百 炼 成 仙》（校对版全本）.txt","20894345"
"02、仙侠","77、掠 天","《掠 天 记》（校对版全本）.txt","02、仙侠\77、掠 天\《掠 天 记》（校对版全本）.txt","11916731"
"03、都市","01、夜的","《夜的命名术》（校对版全本）.txt","03、都市\01、夜的\《夜的命名术》（校对版全本）.txt","7252606"
"03、都市","02、深空","《深空彼岸》（校对版全本）.txt","03、都市\02、深空\《深空彼岸》（校对版全本）.txt","11758255"
"03、都市","03、修真","《修真聊天群》（校对版全本）.txt","03、都市\03、修真\《修真聊天群》（校对版全本）.txt","18534986"
"03、都市","04、我真","《我真没想重生啊》（校对版全本）.rar","03、都市\04、我真\《我真没想重生啊》（校对版全本）.rar","2655877"
"03、都市","04、我真","《我真没想重生啊》（校对版全本）.txt","03、都市\04、我真\《我真没想重生啊》（校对版全本）.txt","6609777"
"03、都市","05、大王","《大王饶命》（精校版全本）.txt","03、都市\05、大王\《大王饶命》（精校版全本）.txt","5925628"
"03、都市","06、第一","《第一序列》（精校版全本）.txt","03、都市\06、第一\《第一序列》（精校版全本）.txt","6176452"
"03、都市","07、重生","《重生之财源滚滚》（校对版全本）.txt","03、都市\07、重生\《重生之财源滚滚》（校对版全本）.txt","14728916"
"03、都市","08、我是","《w是dw家》（校对版全本）.rar","03、都市\08、我是\《w是dw家》（校对版全本）.rar","1423243"
"03、都市","08、我是","《w是dw家》（校对版全本）.txt","03、都市\08、我是\《w是dw家》（校对版全本）.txt","3250434"
"03、都市","09、俗人hd","《俗人回档》（校对版全本）.rar","03、都市\09、俗人hd\《俗人回档》（校对版全本）.rar","3904819"
"03、都市","09、俗人hd","《俗人回档》（校对版全本）.txt","03、都市\09、俗人hd\《俗人回档》（校对版全本）.txt","9178439"
"03、都市","10、文艺sd","《文艺时代》（精校版全本）.rar","03、都市\10、文艺sd\《文艺时代》（精校版全本）.rar","2503923"
"03、都市","10、文艺sd","《文艺时代》（精校版全本）.txt","03、都市\10、文艺sd\《文艺时代》（精校版全本）.txt","5695684"
"03、都市","11、我的nysen","《我的女友是恶女》（校对版全本）.rar","03、都市\11、我的nysen\《我的女友是恶女》（校对版全本）.rar","1656139"
"03、都市","11、我的nysen","《我的女友是恶女》（校对版全本）.txt","03、都市\11、我的nysen\《我的女友是恶女》（校对版全本）.txt","3695786"
"03、都市","12、女主","《女主从书里跑出来了怎么办》（校对版全本）.txt","03、都市\12、女主\《女主从书里跑出来了怎么办》（校对版全本）.txt","3136247"
"03、都市","13、韩y","《韩y之g影j错》（校对版全本）.txt","03、都市\13、韩y\《韩y之g影j错》（校对版全本）.txt","3525478"
"03、都市","14、天w","《天w》（校对版全本）.txt","03、都市\14、天w\《天w》（校对版全本）.txt","3157256"
"03、都市","15、全z艺s家","《全职艺术家》（校对版全本）.txt","03、都市\15、全z艺s家\《全职艺术家》（校对版全本）.txt","8250988"
"03、都市","16、奶爸de文艺rs","《奶爸的文艺人生》（校对版全本）.txt","03、都市\16、奶爸de文艺rs\《奶爸的文艺人生》（校对版全本）.txt","6709471"
"03、都市","17、这个","《这个明星来自地球》（校对版全本）.txt","03、都市\17、这个\《这个明星来自地球》（校对版全本）.txt","5843386"
"03、都市","18、w娱","《文 娱 教 父》（校对版全本）.txt","03、都市\18、w娱\《文 娱 教 父》（校对版全本）.txt","4982235"
"03、都市","19、w娱w岁","《文y万s》（校对版全本）.txt","03、都市\19、w娱w岁\《文y万s》（校对版全本）.txt","4421634"
"03、都市","20、wydg","《文y帝g》（校对版全本）.txt","03、都市\20、wydg\《文y帝g》（校对版全本）.txt","4375292"
"03、都市","21、兼z艺s家","《兼z艺s家》（校对版全本）.txt","03、都市\21、兼z艺s家\《兼z艺s家》（校对版全本）.txt","6735225"
"03、都市","22、异兽","《异兽迷城》（校对版全本）.txt","03、都市\22、异兽\《异兽迷城》（校对版全本）.txt","8962899"
"03、都市","23、信息","《信息全知者》（校对版全本）.txt","03、都市\23、信息\《信息全知者》（校对版全本）.txt","9074571"
"03、都市","24、逼 我","《逼 我 重 生 是 吧》（校对版全本）.txt","03、都市\24、逼 我\《逼 我 重 生 是 吧》（校对版全本）.txt","7972335"
"03、都市","25、都重s了","《都重生了谁谈恋爱啊》（校对版全本）.txt","03、都市\25、都重s了\《都重生了谁谈恋爱啊》（校对版全本）.txt","5094818"
"03、都市","26、明 克","《明 克 街 13 号》.txt","03、都市\26、明 克\《明 克 街 13 号》.txt","12146139"
"03、都市","27、隐 s","《隐 杀》（校对版全本）.txt","03、都市\27、隐 s\《隐 杀》（校对版全本）.txt","3974353"
"03、都市","28、美 食","《美 食 供 应 商》（校对版全本）.txt","03、都市\28、美 食\《美 食 供 应 商》（校对版全本）.txt","13020806"
"03、都市","29、冲 浪","《重 生 之 我 要 冲 浪》（校对版）.txt","03、都市\29、冲 浪\《重 生 之 我 要 冲 浪》（校对版）.txt","8145012"
"03、都市","30、点 到","《点 道 为 止》（校对版全本）.txt","03、都市\30、点 到\《点 道 为 止》（校对版全本）.txt","6359933"
"03、都市","31、心 跳","《心 跳 引 擎》（原版）.txt","03、都市\31、心 跳\《心 跳 引 擎》（原版）.txt","8548095"
"03、都市","32、弃 少","《最 强 弃 少》（校对版全本）.txt","03、都市\32、弃 少\《最 强 弃 少》（校对版全本）.txt","14632351"
"03、都市","33、疯 子","《纨 绔 疯 子》（校对版全本）.txt","03、都市\33、疯 子\《纨 绔 疯 子》（校对版全本）.txt","3248378"
"03、都市","34、修 s","《全 职 修 神》（校对版全本）.txt","03、都市\34、修 s\《全 职 修 神》（校对版全本）.txt","4670542"
"03、都市","35、御 兽","《御 兽 之 王》（校对版全本）.txt","03、都市\35、御 兽\《御 兽 之 王》（校对版全本）.txt","7118936"
"03、都市","36、镇 妖 关","《从 前 有 座 镇 妖 关》（校对版）.txt","03、都市\36、镇 妖 关\《从 前 有 座 镇 妖 关》（校对版）.txt","6766018"
"03、都市","37、养成","《养成系男神：听劝后，我成了顶流》（校对版）.txt","03、都市\37、养成\《养成系男神：听劝后，我成了顶流》（校对版）.txt","4782635"
"03、都市","38、手 术","《手 术 直 播 间》（校对版全本）.txt","03、都市\38、手 术\《手 术 直 播 间》（校对版全本）.txt","13689212"
"03、都市","39、1993","《重 生 大 时 代 之 1993》（校对版）.txt","03、都市\39、1993\《重 生 大 时 代 之 1993》（校对版）.txt","7473186"
"03、都市","40、流 年","《似 水 流 年》（校对版全本）.txt","03、都市\40、流 年\《似 水 流 年》（校对版全本）.txt","8534395"
"03、都市","41、逆 流","《逆 流 纯 真 年 代》（校对版）.txt","03、都市\41、逆 流\《逆 流 纯 真 年 代》（校对版）.txt","4751762"
"03、都市","42、穹 顶","《穹 顶 之 上》（校对版）.txt","03、都市\42、穹 顶\《穹 顶 之 上》（校对版）.txt","8445348"
"03、都市","43、半 岛","《半 岛 检 察 官》（校对版）.txt","03、都市\43、半 岛\《半 岛 检 察 官》（校对版）.txt","4483601"
"03、都市","44、我 的","《我 的 姐 姐 是 大 明 星》（校对版）.txt","03、都市\44、我 的\《我 的 姐 姐 是 大 明 星》（校对版）.txt","4776017"
"03、都市","45、学 霸","《神 级 学 霸》（校对版全本）.txt","03、都市\45、学 霸\《神 级 学 霸》（校对版全本）.txt","9440168"
"03、都市","46、超 级","《超 级 能 源 强 国》（精校版）.txt","03、都市\46、超 级\《超 级 能 源 强 国》（精校版）.txt","4567250"
"03、都市","47、大 医","《大 医 凌 然》（校对版全本）.txt","03、都市\47、大 医\《大 医 凌 然》（校对版全本）.txt","7532766"
"03、都市","48、陈 二","《陈二狗的妖孽人生》（校对版）.txt","03、都市\48、陈 二\《陈二狗的妖孽人生》（校对版）.txt","2306157"
"03、都市","49、顾 道","《顾 道 长 生》（校对版全本）.txt","03、都市\49、顾 道\《顾 道 长 生》（校对版全本）.txt","5115833"
"03、都市","50、稳 住","《稳 住 别 浪》（校对版）.txt","03、都市\50、稳 住\《稳 住 别 浪》（校对版）.txt","11673295"
"03、都市","50、稳 住","《唯我独法》（校对版全本）作者：志鸟村.txt","03、都市\50、稳 住\03.更多精品完本，可访问：www.nmzys.com\《唯我独法》（校对版全本）作者：志鸟村.txt","4246854"
"03、都市","50、稳 住","《时空走私从2000年开始》（校对版全本）作者：志鸟村.txt","03、都市\50、稳 住\03.更多精品完本，可访问：www.nmzys.com\《时空走私从2000年开始》（校对版全本）作者：志鸟村.txt","4411332"
"03、都市","50、稳 住","《未来图书馆》（校对版全本）作者：志鸟村.txt","03、都市\50、稳 住\03.更多精品完本，可访问：www.nmzys.com\《未来图书馆》（校对版全本）作者：志鸟村.txt","2652542"
"03、都市","51、回 到","《回 到 过 去 变 成 猫》（精校版）.txt","03、都市\51、回 到\《回 到 过 去 变 成 猫》（精校版）.txt","3069914"
"03、都市","52、黄 金","《黄 金 渔 场》（校对版全本）.txt","03、都市\52、黄 金\《黄 金 渔 场》（校对版全本）.txt","8779784"
"03、都市","53、肆 虐","《肆 虐 韩 娱》（校对版全本）.txt","03、都市\53、肆 虐\《肆 虐 韩 娱》（校对版全本）.txt","3622537"
"03、都市","54、重 工","《大 国 重 工》（校对版全本）.txt","03、都市\54、重 工\《大 国 重 工》（校对版全本）.txt","5909198"
"03、都市","55、重 塑","《重 塑 千 禧 年 代》（校对版）.txt","03、都市\55、重 塑\《重 塑 千 禧 年 代》（校对版）.txt","11484864"
"03、都市","56、这 明 星","《这 个 明 星 合 法 但 有 病》（校对版）.txt","03、都市\56、这 明 星\《这 个 明 星 合 法 但 有 病》（校对版）.txt","9099460"
"03、都市","57、火 力","《火 力 为 王》（校对版）.txt","03、都市\57、火 力\《火 力 为 王》（校对版）.txt","11945640"
"03、都市","58、女 房 客","《我的 26岁 女房客》（校对全本+番外）.txt","03、都市\58、女 房 客\《我的 26岁 女房客》（校对全本+番外）.txt","4639809"
"03、都市","59、1979","《我的 1979》(精校全本+番外) .txt","03、都市\59、1979\《我的 1979》(精校全本+番外) .txt","12895991"
"03、都市","60、官 道","《G 道 之 S 戒》（校对版全本）.txt","03、都市\60、官 道\《G 道 之 S 戒》（校对版全本）.txt","6419436"
"03、都市","61、开 局","《开局账号xx反手充值xx》（校对版）.txt","03、都市\61、开 局\《开局账号xx反手充值xx》（校对版）.txt","5313303"
"03、都市","62、卖 大 力","《开 局 地 摊 卖 大 力》（校对全本+番外）.txt","03、都市\62、卖 大 力\《开 局 地 摊 卖 大 力》（校对全本+番外）.txt","30642176"
"03、都市","63、医 生","《当 医 生 开 了 外 挂》（校对版）.txt","03、都市\63、医 生\《当 医 生 开 了 外 挂》（校对版）.txt","9818274"
"03、都市","64、完 美","《完美人生》（校对版全本）.txt","03、都市\64、完 美\《完美人生》（校对版全本）.txt","9651359"
"03、都市","65、野 性","《重 生 野 性 时 代》（校对版全本）.txt","03、都市\65、野 性\《重 生 野 性 时 代》（校对版全本）.txt","4536202"
"04、科幻","01、吞噬星空","《吞噬星空》（校对版全本）.txt","04、科幻\01、吞噬星空\《吞噬星空》（校对版全本）.txt","10221344"
"04、科幻","02、从红月","《从红月开始》（精校版全本）.txt","04、科幻\02、从红月\《从红月开始》（精校版全本）.txt","6676715"
"04、科幻","03、我在末世ytf","《我在末世有套房》（校对版全本）.txt","04、科幻\03、我在末世ytf\《我在末世有套房》（校对版全本）.txt","8799192"
"04、科幻","04、学霸的hkjxt","《学霸的黑科技系统》（校对版全本）.txt","04、科幻\04、学霸的hkjxt\《学霸的黑科技系统》（校对版全本）.txt","9757293"
"04、科幻","05、天才JLB","《天才俱乐部》 （校对版全本）.txt","04、科幻\05、天才JLB\《天才俱乐部》 （校对版全本）.txt","9169474"
"04、科幻","06、异常","《异常生物见闻录》（校对版全本）.txt","04、科幻\06、异常\《异常生物见闻录》（校对版全本）.txt","10906405"
"04、科幻","07、希灵","《希灵帝国》（校对版全本）.rar","04、科幻\07、希灵\《希灵帝国》（校对版全本）.rar","6946907"
"04、科幻","07、希灵","《希灵帝国》（校对版全本）.txt","04、科幻\07、希灵\《希灵帝国》（校对版全本）.txt","16540851"
"04、科幻","08、修真4w年","《修真四万年》（校对版全本）.txt","04、科幻\08、修真4w年\《修真四万年》（校对版全本）.txt","21797868"
"04、科幻","09、灵 境","《灵 境 行 者》（校对版全本）.txt","04、科幻\09、灵 境\《灵 境 行 者》（校对版全本）.txt","13604619"
"04、科幻","10、黎 明","《黎明之剑》（校对版全本）.txt","04、科幻\10、黎 明\《黎明之剑》（校对版全本）.txt","13257690"
"04、科幻","11、深 海","《深 海 余 烬》（校对番外）.txt","04、科幻\11、深 海\《深 海 余 烬》（校对番外）.txt","5490252"
"04、科幻","12、走 进","《走 进 不 科 学》（校对版全本）.txt","04、科幻\12、走 进\《走 进 不 科 学》（校对版全本）.txt","8748132"
"04、科幻","13、无 限","《无 限 恐 怖》（校对版全本）.txt","04、科幻\13、无 限\《无 限 恐 怖》（校对版全本）.txt","5306820"
"04、科幻","14、踏 星","《踏 星》（校对版全本）.txt","04、科幻\14、踏 星\《踏 星》（校对版全本）.txt","36548366"
"04、科幻","15、高 手","《高 人 竟 在 我 身 边》（校对版）.txt","04、科幻\15、高 手\《高 人 竟 在 我 身 边》（校对版）.txt","2725367"
"04、科幻","16、隐 秘","《隐 秘 死 角》（校对版全本）.txt","04、科幻\16、隐 秘\《隐 秘 死 角》（校对版全本）.txt","5206308"
"04、科幻","17、第 九","《第 九 特 区》（校对版全本）.txt","04、科幻\17、第 九\《第 九 特 区》（校对版全本）.txt","13146102"
"04、科幻","18、未 来","《未 来 天 王》（校对版全本）.txt","04、科幻\18、未 来\《未 来 天 王》（校对版全本）.txt","3601648"
"04、科幻","19、我 的","《我的末世基地车》（校对版全本）.txt","04、科幻\19、我 的\《我的末世基地车》（校对版全本）.txt","4067564"
"04、科幻","20、最 后","《最 后 结 局》（校对版）.txt","04、科幻\20、最 后\《最 后 结 局》（校对版）.txt","5635818"
"04、科幻","21、进 化 的","《进化的46亿重奏》（校对版）.txt","04、科幻\21、进 化 的\《进化的46亿重奏》（校对版）.txt","24275823"
"04、科幻","22、星 级","《星 级 猎 人》（校对版全本）.txt","04、科幻\22、星 级\《星 级 猎 人》（校对版全本）.txt","5562666"
"04、科幻","23、狩 魔","《狩 魔 手 记》（校对版全本）.txt","04、科幻\23、狩 魔\《狩 魔 手 记》（校对版全本）.txt","4494047"
"04、科幻","24、蟑 螂","《末 日 蟑 螂》（校对版全本）.txt","04、科幻\24、蟑 螂\《末 日 蟑 螂》（校对版全本）.txt","13016966"
"04、科幻","25、宇 宙","《宇 宙 职 业 选 手》（校对版）.txt","04、科幻\25、宇 宙\《宇 宙 职 业 选 手》（校对版）.txt","4361393"
"04、科幻","26、领 地","《我 的 末 世 领 地》（校对版）.txt","04、科幻\26、领 地\《我 的 末 世 领 地》（校对版）.txt","5409722"
"04、科幻","27、光 明","《光 明 壁 垒》（校对版）.txt","04、科幻\27、光 明\《光 明 壁 垒》（校对版）.txt","14000950"
"04、科幻","28、卡 徒","《卡 徒》（校对版全本）.txt","04、科幻\28、卡 徒\《卡 徒》（校对版全本）.txt","4109520"
"04、科幻","29、废 土","《废 土 崛 起》（校对版全本）.txt","04、科幻\29、废 土\《废 土 崛 起》（校对版全本）.txt","9387977"
"04、科幻","31、星 空","《星 空 职 业 者》（校对版）.txt","04、科幻\31、星 空\《星 空 职 业 者》（校对版）.txt","7588502"
"04、科幻","32、末 日","《末 日 乐 园》（校对版）.txt","04、科幻\32、末 日\《末 日 乐 园》（校对版）.txt","15266671"
"04、科幻","33、师 士","《师士 传 说》（校对版全本）.txt","04、科幻\33、师 士\《师士 传 说》（校对版全本）.txt","4216223"
"04、科幻","39、诸 天","《逐 道 在 诸 天》（校对版全本）.txt","04、科幻\39、诸 天\《逐 道 在 诸 天》（校对版全本）.txt","3636548"
"05、奇幻","01、放开","《放开那个女巫》（精校版全本）.txt","05、奇幻\01、放开\《放开那个女巫》（精校版全本）.txt","7182069"
"05、奇幻","02、琴di","《琴帝》（校对版全本）.rar","05、奇幻\02、琴di\《琴帝》（校对版全本）.rar","2410009"
"05、奇幻","02、琴di","《琴帝》（校对版全本）.txt","05、奇幻\02、琴di\《琴帝》（校对版全本）.txt","6147505"
"05、奇幻","03、酒s","《酒神（阴阳冕）》（校对版全本）.rar","05、奇幻\03、酒s\《酒神（阴阳冕）》（校对版全本）.rar","2223652"
"05、奇幻","03、酒s","《酒神（阴阳冕）》（校对版全本）.txt","05、奇幻\03、酒s\《酒神（阴阳冕）》（校对版全本）.txt","5686753"
"05、奇幻","04、高天","《高天之上》（校对版全本）.rar","05、奇幻\04、高天\《高天之上》（校对版全本）.rar","3948588"
"05、奇幻","04、高天","《高天之上》（校对版全本）.txt","05、奇幻\04、高天\《高天之上》（校对版全本）.txt","9447673"
"05、奇幻","05、神秘zl","《神秘之旅》（精校版全本）.txt","05、奇幻\05、神秘zl\《神秘之旅》（精校版全本）.txt","9599984"
"05、奇幻","06、巫师zl","《巫师之旅》（校对版全本）.rar","05、奇幻\06、巫师zl\《巫师之旅》（校对版全本）.rar","4289301"
"05、奇幻","06、巫师zl","《巫师之旅》（校对版全本）.txt","05、奇幻\06、巫师zl\《巫师之旅》（校对版全本）.txt","11107317"
"05、奇幻","07、无限","《w限x核》（校对版全本）.txt","05、奇幻\07、无限\《w限x核》（校对版全本）.txt","7005538"
"05、奇幻","08、天q","《天q预b报》（校对版全本）.txt","05、奇幻\08、天q\《天q预b报》（校对版全本）.txt","13891221"
"05、奇幻","09、诡m地h","《诡m地h》（校对版全本）.txt","05、奇幻\09、诡m地h\《诡m地h》（校对版全本）.txt","5218500"
"05、奇幻","10、巫 界","《巫 界 术 士》（校对版全本）.txt","05、奇幻\10、巫 界\《巫 界 术 士》（校对版全本）.txt","7883340"
"05、奇幻","11、黑 石","《黑 石 密 码》（校对版）.txt","05、奇幻\11、黑 石\《黑 石 密 码》（校对版）.txt","21644631"
"05、奇幻","12、霍 格","《舌 尖 上 的 霍 格 沃 茨》（校对版）.txt","05、奇幻\12、霍 格\《舌 尖 上 的 霍 格 沃 茨》（校对版）.txt","8371459"
"05、奇幻","13、骑 士","《巫师：从骑士呼吸法开始肝经验》.txt","05、奇幻\13、骑 士\《巫师：从骑士呼吸法开始肝经验》.txt","12336034"
"05、奇幻","14、亵 d","《亵 渎》（精校版全本）.txt","05、奇幻\14、亵 d\《亵 渎》（精校版全本）.txt","5105513"
"05、奇幻","15、大 龙","《大 龙 挂 了》（校对版）.txt","05、奇幻\15、大 龙\《大 龙 挂 了》（校对版）.txt","5437439"
"05、奇幻","16、G 王","国王.epub","05、奇幻\16、G 王\国王.epub","16002759"
"05、奇幻","17、魔 法","《第一次魔法世界大战》（校对版）.txt","05、奇幻\17、魔 法\《第一次魔法世界大战》（校对版）.txt","4653733"
"06、历史","01、庆余年","《庆余年》（精校版全本）.txt","06、历史\01、庆余年\《庆余年》（精校版全本）.txt","7283552"
"06、历史","02、娱乐cq","《娱乐春秋》（校对版全本）.txt","06、历史\02、娱乐cq\《娱乐春秋》（校对版全本）.txt","3986669"
"06、历史","03、逍遥","《逍遥小书生》（校对版全本）.txt","06、历史\03、逍遥\《逍遥小书生》（校对版全本）.txt","6118986"
"06、历史","04、宰执","《宰执天下》（校对版全本）.rar","06、历史\04、宰执\《宰执天下》（校对版全本）.rar","6917236"
"06、历史","04、宰执","《宰执天下》（校对版全本）.txt","06、历史\04、宰执\《宰执天下》（校对版全本）.txt","15779204"
"06、历史","05、唐z","《唐砖》（精校版全本）.txt","06、历史\05、唐z\《唐砖》（精校版全本）.txt","9082904"
"06、历史","06、极品jd","《极品家丁》（校对版全本）.rar","06、历史\06、极品jd\《极品家丁》（校对版全本）.rar","2626364"
"06、历史","06、极品jd","《极品家丁》（校对版全本）.txt","06、历史\06、极品jd\《极品家丁》（校对版全本）.txt","6210002"
"06、历史","07、绍s","《绍宋》（校对版全本）.txt","06、历史\07、绍s\《绍宋》（校对版全本）.txt","5399209"
"06、历史","08、晚 唐","《晚 唐 浮 生》（校对版）.txt","06、历史\08、晚 唐\《晚 唐 浮 生》（校对版）.txt","12548062"
"06、历史","09、满 唐","《满 唐 华 彩》（校对版）.txt","06、历史\09、满 唐\《满 唐 华 彩》（校对版）.txt","11962294"
"06、历史","10、秦 L","《秦 吏》（校对版全本）.txt","06、历史\10、秦 L\《秦 吏》（校对版全本）.txt","7206940"
"06、历史","11、小 阁","《小 阁 老》（校对版全本）.txt","06、历史\11、小 阁\《小 阁 老》（校对版全本）.txt","10676191"
"06、历史","12、北 颂","《北 颂》（校对版全本）.txt","06、历史\12、北 颂\《北 颂》（校对版全本）.txt","10443305"
"06、历史","13、败 家 Z","《明 朝 败 家 子》（校对版全本）.txt","06、历史\13、败 家 Z\《明 朝 败 家 子》（校对版全本）.txt","11666324"
"06、历史","14、家 父","《家 父 汉 高 祖》（校对版）.txt","06、历史\14、家 父\《家 父 汉 高 祖》（校对版）.txt","13474076"
"06、历史","15、大 明","《大 明 国 师》（校对版）.txt","06、历史\15、大 明\《大 明 国 师》（校对版）.txt","9319384"
"06、历史","16、长 宁","《长 宁 帝 军》（校对版全本）.txt","06、历史\16、长 宁\《长 宁 帝 军》（校对版全本）.txt","11258634"
"06、历史","17、北 宋","《北 宋 穿 越 指 南》（校对版全本）.txt","06、历史\17、北 宋\《北 宋 穿 越 指 南》（校对版全本）.txt","12180893"
"06、历史","18、唐 人","《唐 人 的 餐 桌》（校对版）.txt","06、历史\18、唐 人\《唐 人 的 餐 桌》（校对版）.txt","8954903"
"06、历史","19、大 宋","《大 宋 的 智 慧》（校对版全本）.txt","06、历史\19、大 宋\《大 宋 的 智 慧》（校对版全本）.txt","7029638"
"06、历史","20、银 狐","《银 狐》（校对版全本）.txt","06、历史\20、银 狐\《银 狐》（校对版全本）.txt","6183263"
"06、历史","21、汉 乡","《汉 乡》（校对版全本）.txt","06、历史\21、汉 乡\《汉 乡》（校对版全本）.txt","7691034"
"06、历史","22、明 天 下","《明 天 下》（校对版全本）.txt","06、历史\22、明 天 下\《明 天 下》（校对版全本）.txt","6248975"
"06、历史","23、挽 天 倾","《红 楼 之 挽 天 倾》（校对版）.txt","06、历史\23、挽 天 倾\《红 楼 之 挽 天 倾》（校对版）.txt","19635059"
"06、历史","24、如 意","《如 意 小 郎 君》（校对版全本）.txt","06、历史\24、如 意\《如 意 小 郎 君》（校对版全本）.txt","5306695"
"06、历史","25、大 唐","《大 唐 太 子》（校对版）.txt","06、历史\25、大 唐\《大 唐 太 子》（校对版）.txt","7193562"
"06、历史","26、衣 冠","《衣 冠 不 南 渡》（校对版）.txt","06、历史\26、衣 冠\《衣 冠 不 南 渡》（校对版）.txt","7792157"
"06、历史","27、罗 马","《神 圣 罗 马 帝 国》（校对版）.txt","06、历史\27、罗 马\《神 圣 罗 马 帝 国》（校对版）.txt","7991714"
"06、历史","28、无 敌","《无 敌 六 皇 子》（校对版）.txt","06、历史\28、无 敌\《无 敌 六 皇 子》（校对版）.txt","8014847"
"06、历史","29、世 子","《世 子 很 凶》（校对版）.txt","06、历史\29、世 子\《世 子 很 凶》（校对版）.txt","5208138"
"06、历史","30、九 锡","《九 锡》（校对版）.txt","06、历史\30、九 锡\《九 锡》（校对版）.txt","7365057"
"06、历史","31、北 齐","《北 齐 怪 谈》（校对版）.txt","06、历史\31、北 齐\《北 齐 怪 谈》（校对版）.txt","5171371"
"06、历史","32、临 安","《临 安 不 夜 侯》（校对版）.txt","06、历史\32、临 安\《临 安 不 夜 侯》（校对版）.txt","11814200"
"06、历史","33、带 着","《带着仓库到大明》（校对版全本）.txt","06、历史\33、带 着\《带着仓库到大明》（校对版全本）.txt","13144304"
"06、历史","34、讨 逆","《讨 逆》（校对版）.txt","06、历史\34、讨 逆\《讨 逆》（校对版）.txt","21201682"
"06、历史","35、回 到","《回 到 明 朝 当 王 爷》（精校版）.txt","06、历史\35、回 到\《回 到 明 朝 当 王 爷》（精校版）.txt","6976884"
"06、历史","36、文 豪","《文 豪 崛 起》（校对版）.txt","06、历史\36、文 豪\《文 豪 崛 起》（校对版）.txt","5319959"
"06、历史","37、春 秋","《春 秋 我 为 王》（校对版）.txt","06、历史\37、春 秋\《春 秋 我 为 王》（校对版）.txt","8221023"
"07、武侠","01、不死","《不死不灭》（精校版全本）.txt","07、武侠\01、不死\《不死不灭》（精校版全本）.txt","1568704"
"07、武侠","02、九dj","《九鼎记》（校对版全本）.txt","07、武侠\02、九dj\《九鼎记》（校对版全本）.txt","4327833"
"07、武侠","03、最强","《最强反派系统》（校对版全本）.txt","07、武侠\03、最强\《最强反派系统》（校对版全本）.txt","9839066"
"07、武侠","04、龙 蛇","《龙 蛇 演 义》（精校版全本）.txt","07、武侠\04、龙 蛇\《龙 蛇 演 义》（精校版全本）.txt","4264762"
"07、武侠","05、玩 家","《玩 家 凶 猛》（校对版全本）.txt","07、武侠\05、玩 家\《玩 家 凶 猛》（校对版全本）.txt","6731949"
"07、武侠","06、机 动","《机 动 风 暴》（校对版全本）.txt","07、武侠\06、机 动\《机 动 风 暴》（校对版全本）.txt","5464781"
"07、武侠","07、金 刚","《金刚不坏大寨主》（校对版）.txt","07、武侠\07、金 刚\《金刚不坏大寨主》（校对版）.txt","14010442"
"08、游戏","01、惊 悚 乐 园","《惊悚乐园》（校对版全本+番外）.txt","08、游戏\01、惊 悚 乐 园\《惊悚乐园》（校对版全本+番外）.txt","10309137"
"08、游戏","02、亏 成 首 富","《亏成首富从游戏开始》（校对版全本）.txt","08、游戏\02、亏 成 首 富\《亏成首富从游戏开始》（校对版全本）.txt","11629402"
"08、游戏","03、全 职","《全职高手》（精校版全本）.txt","08、游戏\03、全 职\《全职高手》（精校版全本）.txt","11131340"
"08、游戏","04、超神机械","《超神机械师》（校对版全本）.txt","08、游戏\04、超神机械\《超神机械师》（校对版全本）.txt","11056364"
"08、游戏","05、失落叶三部曲","《网游之天下无双》（校对版全本）.rar","08、游戏\05、失落叶三部曲\《网游之天下无双》（校对版全本）.rar","4167420"
"08、游戏","05、失落叶三部曲","《网游之天下无双》（校对版全本）.txt","08、游戏\05、失落叶三部曲\《网游之天下无双》（校对版全本）.txt","10902236"
"08、游戏","05、失落叶三部曲","《网游之盗版神话》（校对版全本）.rar","08、游戏\05、失落叶三部曲\《网游之盗版神话》（校对版全本）.rar","2235337"
"08、游戏","05、失落叶三部曲","《网游之盗版神话》（校对版全本）.txt","08、游戏\05、失落叶三部曲\《网游之盗版神话》（校对版全本）.txt","5419908"
"08、游戏","05、失落叶三部曲","《网游之纵横天下》（校对版全本）.rar","08、游戏\05、失落叶三部曲\《网游之纵横天下》（校对版全本）.rar","3796809"
"08、游戏","05、失落叶三部曲","《网游之纵横天下》（校对版全本）.txt","08、游戏\05、失落叶三部曲\《网游之纵横天下》（校对版全本）.txt","9841674"
"08、游戏","06、这游戏","《这游戏也太真实了》（精校版全本）.txt","08、游戏\06、这游戏\《这游戏也太真实了》（精校版全本）.txt","22372584"
"08、游戏","07、英雄LM","《英雄联盟之灾变时代》（校对版全本）.txt","08、游戏\07、英雄LM\《英雄联盟之灾变时代》（校对版全本）.txt","3234094"
"08、游戏","08、琥珀zj","《琥珀之剑》（校对版全本）.txt","08、游戏\08、琥珀zj\《琥珀之剑》（校对版全本）.txt","11828881"
"08、游戏","09、王者sk","《王者时刻》（校对版全本）.txt","08、游戏\09、王者sk\《王者时刻》（校对版全本）.txt","2628472"
"08、游戏","10、从零","《从零开始》（校对版全本）.txt","08、游戏\10、从零\《从零开始》（校对版全本）.txt","40540352"
"08、游戏","11、网游之td","《网游之天地》（校对版全本）.txt","08、游戏\11、网游之td\《网游之天地》（校对版全本）.txt","10417710"
"08、游戏","12、c生之z行天下","《重生之贼行天下》（校对版全本）.txt","08、游戏\12、c生之z行天下\《重生之贼行天下》（校对版全本）.txt","6190734"
"08、游戏","13、c生z最强剑神","《重生之最强剑神》（校对版全本）.txt","08、游戏\13、c生z最强剑神\《重生之最强剑神》（校对版全本）.txt","15105287"
"08、游戏","14、联盟z魔w系t","《联盟之魔王系统》（校对版全本）.txt","08、游戏\14、联盟z魔w系t\《联盟之魔王系统》（校对版全本）.txt","8587153"
"08、游戏","15、s落叶三部曲","《网游之天下无双》（校对版全本）.txt","08、游戏\15、s落叶三部曲\《网游之天下无双》（校对版全本）.txt","10902236"
"08、游戏","15、s落叶三部曲","《网游之盗版神话》（校对版全本）.txt","08、游戏\15、s落叶三部曲\《网游之盗版神话》（校对版全本）.txt","5419906"
"08、游戏","15、s落叶三部曲","《网游之纵横天下》（校对版全本）.txt","08、游戏\15、s落叶三部曲\《网游之纵横天下》（校对版全本）.txt","9841674"
"08、游戏","16、什么叫游走","《什么叫游走型中单啊》（校对版全本）.txt","08、游戏\16、什么叫游走\《什么叫游走型中单啊》（校对版全本）.txt","8886275"
"08、游戏","17、什么叫六边形","《什么叫六边形打野啊》（校对版全本）.txt","08、游戏\17、什么叫六边形\《什么叫六边形打野啊》（校对版全本）.txt","11938300"
"08、游戏","18、近战fs","《网游之近战法师》（精校版全本）.txt","08、游戏\18、近战fs\《网游之近战法师》（精校版全本）.txt","7541899"
"08、游戏","19、y兵x统","《联盟之佣兵系统》（校对版全本）.txt","08、游戏\19、y兵x统\《联盟之佣兵系统》（校对版全本）.txt","6149383"
"08、游戏","20、峡谷zd","《峡谷之巅》（校对版全本）.txt","08、游戏\20、峡谷zd\《峡谷之巅》（校对版全本）.txt","4591596"
"08、游戏","21、落地","《落地一把98K》（校对版全本）.txt","08、游戏\21、落地\《落地一把98K》（校对版全本）.txt","6994825"
"08、游戏","22、峡谷znl","《峡谷正能量》（校对版全本）.txt","08、游戏\22、峡谷znl\《峡谷正能量》（校对版全本）.txt","6480030"
"08、游戏","23、上d之s","《英雄联盟：上帝之手》（校对版全本）.txt","08、游戏\23、上d之s\《英雄联盟：上帝之手》（校对版全本）.txt","4643966"
"08、游戏","24、冠j之j","《英雄联盟：冠军之箭》（校对版全本）.txt","08、游戏\24、冠j之j\《英雄联盟：冠军之箭》（校对版全本）.txt","5529521"
"08、游戏","25、s级y雄","《神级英雄》（校对版全本）.txt","08、游戏\25、s级y雄\《神级英雄》（校对版全本）.txt","12906354"
"08、游戏","26、崛 起","《主 神 崛 起》（校对版全本）.txt","08、游戏\26、崛 起\《主 神 崛 起》（校对版全本）.txt","5698782"
"08、游戏","27、梦 路","《逍 遥 梦 路》（校对版全本）.txt","08、游戏\27、梦 路\《逍 遥 梦 路》（校对版全本）.txt","7971112"
"08、游戏","28、黎 明","《超 凡 黎 明》（校对版全本）.txt","08、游戏\28、黎 明\《超 凡 黎 明》（校对版全本）.txt","3971939"
"08、游戏","30、神 秀","《神 秀 之 主》（校对版全本）.txt","08、游戏\30、神 秀\《神 秀 之 主》（校对版全本）.txt","4522802"
"08、游戏","31、神 秘","《神 秘 之 劫》（校对版全本）.txt","08、游戏\31、神 秘\《神 秘 之 劫》（校对版全本）.txt","6405743"
"08、游戏","32、超 神","《超神机械师》（校对版全本）.txt","08、游戏\32、超 神\《超神机械师》（校对版全本）.txt","11056364"
"08、游戏","33、逆 天","《邪 龙 逆 天》（校对版）.txt","08、游戏\33、逆 天\《邪 龙 逆 天》（校对版）.txt","8045686"
"08、游戏","34、这 个","《这 个 男 人 太 强 了！》（校对版）.txt","08、游戏\34、这 个\《这 个 男 人 太 强 了！》（校对版）.txt","7462835"
"08、游戏","35、法 爷","《我真没针对法爷》（校对版全本）.txt","08、游戏\35、法 爷\《我真没针对法爷》（校对版全本）.txt","6682149"
"09、高武","01、我在","《我在精神病院学斩神》（校对版全本）.txt","09、高武\01、我在\《我在精神病院学斩神》（校对版全本）.txt","9116825"
"09、高武","02、万族","《万族之劫》（校对版全本）.txt","09、高武\02、万族\《万族之劫》（校对版全本）.txt","18542118"
"09、高武","02、万族","《全球高武》（精校版全本）.txt","09、高武\02、万族\《全球高武》（精校版全本）.txt","18649335"
"09、高武","03、全球","《万族之劫》（校对版全本）.txt","09、高武\03、全球\《万族之劫》（校对版全本）.txt","18542118"
"09、高武","03、全球","《全球高武》（精校版全本）.txt","09、高武\03、全球\《全球高武》（精校版全本）.txt","18649335"
"10、灵异","01、道诡","《道 诡 异 仙》（校对版）.txt","10、灵异\01、道诡\《道 诡 异 仙》（校对版）.txt","7144234"
"10、灵异","02、我有yzmxw","《我有一座冒险屋(我有一座恐怖屋)》（校对版全本）.txt","10、灵异\02、我有yzmxw\《我有一座冒险屋(我有一座恐怖屋)》（校对版全本）.txt","6574688"
"11、悬疑","01、十日","《十日终焉》（校对全本）.txt","11、悬疑\01、十日\《十日终焉》（校对全本）.txt","9385090"
"11、悬疑","02、镇妖","《镇妖博物馆》（校对版全本）.txt","11、悬疑\02、镇妖\《镇妖博物馆》（校对版全本）.txt","11046824"
"11、悬疑","03、黄昏","《黄昏分界》（软校全本）.txt","11、悬疑\03、黄昏\《黄昏分界》（软校全本）.txt","9268790"
"11、悬疑","04、我的zyxyx","《我的治愈系游戏》（校对版全本+番外）.txt","11、悬疑\04、我的zyxyx\《我的治愈系游戏》（校对版全本+番外）.txt","10405597"
"11、悬疑","05、深夜sw","《深夜书屋》（校对版全本）.txt","11、悬疑\05、深夜sw\《深夜书屋》（校对版全本）.txt","8585189"
"11、悬疑","06、魔 临","《魔临》（校对版全本）.txt","11、悬疑\06、魔 临\《魔临》（校对版全本）.txt","11929638"
"11、悬疑","07、诡 舍","《诡 舍》（原版）.txt","11、悬疑\07、诡 舍\《诡 舍》（原版）.txt","5925846"
"11、悬疑","08、G 吹 灯","《鬼吹灯全集》（精校版，全8卷）.txt","11、悬疑\08、G 吹 灯\《鬼吹灯全集》（精校版，全8卷）.txt","5917711"
"11、悬疑","09、DM笔记","《盗墓笔记》（实体封面全本）.txt","11、悬疑\09、DM笔记\《盗墓笔记》（实体封面全本）.txt","3113377"
"11、悬疑","10、通 幽","《通幽大圣》（校对版全本）.txt","11、悬疑\10、通 幽\《通幽大圣》（校对版全本）.txt","3831125"
"13、军事","01、炮 火","《炮火弧线》（校对版全本）.txt","13、军事\01、炮 火\《炮火弧线》（校对版全本）.txt","8503003"
"14、轻小说","01、我 本","《我 本 无 意 成 仙》（校对版）.txt","14、轻小说\01、我 本\《我 本 无 意 成 仙》（校对版）.txt","5259558"
"14、轻小说","02、不 许","《不 许 没 收 我 的 人 籍》（校对版全本）.txt","14、轻小说\02、不 许\《不 许 没 收 我 的 人 籍》（校对版全本）.txt","10446801"
"14、轻小说","03、我 的","《我 的 超 能 力 每 周 刷 新》（校对版）.txt","14、轻小说\03、我 的\《我 的 超 能 力 每 周 刷 新》（校对版）.txt","6393826"
"14、轻小说","04、训 练 家","《我 真 没 想 当 训 练 家 啊》（校对版）.txt","14、轻小说\04、训 练 家\《我 真 没 想 当 训 练 家 啊》（校对版）.txt","10200556"
"14、轻小说","05、术 师","《术 师 手 册》（校对版）.txt","14、轻小说\05、术 师\《术 师 手 册》（校对版）.txt","9249596"
"14、轻小说","06、剑 出","《剑出衡山》（校对版全本＋番外）.txt","14、轻小说\06、剑 出\《剑出衡山》（校对版全本＋番外）.txt","4200016"
"14、轻小说","07、世 界","《世界树的游戏》（校对版全本）.txt","14、轻小说\07、世 界\《世界树的游戏》（校对版全本）.txt","7398612"
"14、轻小说","08、轮 回","《轮 回 乐 园》（校对版）.txt","14、轻小说\08、轮 回\《轮 回 乐 园》（校对版）.txt","45995168"
"14、轻小说","09、精灵","《精灵掌门人》（校对版全本）.txt","14、轻小说\09、精灵\《精灵掌门人》（校对版全本）.txt","8305185"
"14、轻小说","10、我 家 老婆","《我家老婆来自一千年前》（校对版全本）.txt","14、轻小说\10、我 家 老婆\《我家老婆来自一千年前》（校对版全本）.txt","2408418"
"14、轻小说","11、芝 加 哥","《芝加哥1990》（校对版全本）.txt","14、轻小说\11、芝 加 哥\《芝加哥1990》（校对版全本）.txt","10712340"
"14、轻小说","12、姑 获 鸟","《从 姑 获 鸟 开 始》（精校版）.txt","14、轻小说\12、姑 获 鸟\《从 姑 获 鸟 开 始》（精校版）.txt","6308262"
"14、轻小说","13、出 牌","《我就是不按套路出牌》（校对版）.txt","14、轻小说\13、出 牌\《我就是不按套路出牌》（校对版）.txt","8403525"
"14、轻小说","14、我 家","《我家娘子，不对劲》（校对版）.txt","14、轻小说\14、我 家\《我家娘子，不对劲》（校对版）.txt","8797386"
"14、轻小说","15、精 灵","《精 灵 掌 门 人》（校对版）.txt","14、轻小说\15、精 灵\《精 灵 掌 门 人》（校对版）.txt","8305185"
"14、轻小说","16、魏 君","《视 死 如 归 魏 君 子》（校对版）.txt","14、轻小说\16、魏 君\《视 死 如 归 魏 君 子》（校对版）.txt","6546570"
"15、女频","01、天 官","《天官赐福》(精校全本+番外)【回归重修版】.txt","15、女频\01、天 官\《天官赐福》(精校全本+番外)【回归重修版】.txt","3204535"
"15、女频","01、天 官","《天官赐福》(精校全本+番外)【无修改版】.txt","15、女频\01、天 官\《天官赐福》(精校全本+番外)【无修改版】.txt","2352763"
"15、女频","02、魔 D 祖 S","《魔 道 祖 师》（精校版+番外）.txt","15、女频\02、魔 D 祖 S\《魔 道 祖 师》（精校版+番外）.txt","1305890"
"16、体育","01、禁 区","《禁 区 之 狐》（校对版全本）.txt","16、体育\01、禁 区\《禁 区 之 狐》（校对版全本）.txt","16739996"
"17、其他","01、海贼王之mcgs","《海贼王之mcgs》（校对版全本）.rar","17、其他\01、海贼王之mcgs\《海贼王之mcgs》（校对版全本）.rar","554683"
"17、其他","01、海贼王之mcgs","《海贼王之mcgs》（校对版全本）.txt","17、其他\01、海贼王之mcgs\《海贼王之mcgs》（校对版全本）.txt","1152446"
